,train_loss,val_loss,train_f1,test_f1,train_accuracy,test_accuracy
0,0.4272062526622289,0.4647070798608992,0.38702658,0.38510895,0.6727174570862676,0.6680151028103299
