,train_loss,val_loss,train_f1,test_f1,train_accuracy,test_accuracy
0,0.4173492048407944,0.39915164560079575,0.38831052,0.38249552,0.6751339603477801,0.6646628615296917
